ТО фанкойла;612e533faee8a0022e67b3c6
Засыпать грунтом яму;612a8ca364e88e31a03d7b5a
Покрасить стены в гараже положить плитку провести;6124a011054f9d213f224e01
Строительство дома;612334eb2d56cb18aa3af543
Отделка окон откосами, после отделки дачного дома;61225b4b9cd9bf0e72083220
Ремонт квартиры;611fedad9737621c5f3df3a8
Кладка кирпича лицевого;611f62bcd9a25c7ce72f87bd
Перила на крыльцо.;611a95f02e6dde48b64efd41
фасад в 1 слой;6118f38d1b9fa45795342e0e
Шлифовка и Покраска деревянного дома 130 метрв;60ed99511f9b3e169b393623
Отделка стен;6111319ac2df7d239a3df193
Уложить ламинат;610a58871be2f71dba5c961f
